set_code,set_name,set_url,card_no,name,jp_name,card_url,grade,nation,type,rarity
VGE-DZ-SS16,The Legendary Vanguards,https://cardfight.fandom.com/wiki/DZ_Special_Series_16:_The_Legendary_Vanguards,DZ-SS16/001,"Dragritter, Lateefa",ドラグリッター ラティーファ,"https://cardfight.fandom.com/wiki/Dragritter,_Lateefa",2,Dragon Empire,,RRR
VGE-DZ-SS16,The Legendary Vanguards,https://cardfight.fandom.com/wiki/DZ_Special_Series_16:_The_Legendary_Vanguards,DZ-SS16/002,"Red Jeweled Beast, Galnet",赤宝獣ガルネット,"https://cardfight.fandom.com/wiki/Red_Jeweled_Beast,_Galnet",1,Dragon Empire,,RRR
VGE-DZ-SS16,The Legendary Vanguards,https://cardfight.fandom.com/wiki/DZ_Special_Series_16:_The_Legendary_Vanguards,DZ-SS16/003,"Whirlwind Dragon, Wardorn",旋風竜ヴォルドーン,"https://cardfight.fandom.com/wiki/Whirlwind_Dragon,_Wardorn",1,Dragon Empire,,RRR
VGE-DZ-SS16,The Legendary Vanguards,https://cardfight.fandom.com/wiki/DZ_Special_Series_16:_The_Legendary_Vanguards,DZ-SS16/004,"Dragritter, Nasruddin",ドラグリッター ナズルディーン,"https://cardfight.fandom.com/wiki/Dragritter,_Nasruddin",1,Dragon Empire,,RRR
VGE-DZ-SS16,The Legendary Vanguards,https://cardfight.fandom.com/wiki/DZ_Special_Series_16:_The_Legendary_Vanguards,DZ-SS16/005,"Inquirer of Knowledge, Selseera",知の探究者セルセーラ,"https://cardfight.fandom.com/wiki/Inquirer_of_Knowledge,_Selseera",3,Dark States,Persona Ride,RRR
VGE-DZ-SS16,The Legendary Vanguards,https://cardfight.fandom.com/wiki/DZ_Special_Series_16:_The_Legendary_Vanguards,DZ-SS16/006,"Famed Blazing Demonic Lady, Oriens",麗焔魔嬢オリエンス,"https://cardfight.fandom.com/wiki/Famed_Blazing_Demonic_Lady,_Oriens",2,Dark States,,RRR
VGE-DZ-SS16,The Legendary Vanguards,https://cardfight.fandom.com/wiki/DZ_Special_Series_16:_The_Legendary_Vanguards,DZ-SS16/007,"Timeturner Dragon, Clockwize",時廻竜クロックワイズ,"https://cardfight.fandom.com/wiki/Timeturner_Dragon,_Clockwize",1,Dark States,,RRR
VGE-DZ-SS16,The Legendary Vanguards,https://cardfight.fandom.com/wiki/DZ_Special_Series_16:_The_Legendary_Vanguards,DZ-SS16/008,"Purple Jeweled Beast, Almethys",紫宝獣アルメジス,"https://cardfight.fandom.com/wiki/Purple_Jeweled_Beast,_Almethys",1,Dark States,,RRR
VGE-DZ-SS16,The Legendary Vanguards,https://cardfight.fandom.com/wiki/DZ_Special_Series_16:_The_Legendary_Vanguards,DZ-SS16/009,"Fiendish Calamity Dragon, Maidirogue",妖厄竜マイディローグ,"https://cardfight.fandom.com/wiki/Fiendish_Calamity_Dragon,_Maidirogue",1,Dark States,,RRR
VGE-DZ-SS16,The Legendary Vanguards,https://cardfight.fandom.com/wiki/DZ_Special_Series_16:_The_Legendary_Vanguards,DZ-SS16/010,"Magnetism Monster, Magnides",磁力怪獣マグニデス,"https://cardfight.fandom.com/wiki/Magnetism_Monster,_Magnides",2,Brandt Gate,,RRR
VGE-DZ-SS16,The Legendary Vanguards,https://cardfight.fandom.com/wiki/DZ_Special_Series_16:_The_Legendary_Vanguards,DZ-SS16/011,"Mad Flame Monster, Blezergas",狂焔怪獣ブレゼルガス,"https://cardfight.fandom.com/wiki/Mad_Flame_Monster,_Blezergas",1,Brandt Gate,,RRR
VGE-DZ-SS16,The Legendary Vanguards,https://cardfight.fandom.com/wiki/DZ_Special_Series_16:_The_Legendary_Vanguards,DZ-SS16/012,"Silverstar Dragon, Seyferd",銀星竜セイファード,"https://cardfight.fandom.com/wiki/Silverstar_Dragon,_Seyferd",1,Brandt Gate,,RRR
VGE-DZ-SS16,The Legendary Vanguards,https://cardfight.fandom.com/wiki/DZ_Special_Series_16:_The_Legendary_Vanguards,DZ-SS16/013,"White Jeweled Beast, Synthetica",白宝獣シンセティカ,"https://cardfight.fandom.com/wiki/White_Jeweled_Beast,_Synthetica",1,Brandt Gate,,RRR
VGE-DZ-SS16,The Legendary Vanguards,https://cardfight.fandom.com/wiki/DZ_Special_Series_16:_The_Legendary_Vanguards,DZ-SS16/014,"Forefront Knight, Teithfallt",陣頭の騎士テイスファルト,"https://cardfight.fandom.com/wiki/Forefront_Knight,_Teithfallt",2,Keter Sanctuary,,RRR
VGE-DZ-SS16,The Legendary Vanguards,https://cardfight.fandom.com/wiki/DZ_Special_Series_16:_The_Legendary_Vanguards,DZ-SS16/015,"Knight of Starry Skies, Zero",星空の騎士ゼロ,"https://cardfight.fandom.com/wiki/Knight_of_Starry_Skies,_Zero",2,Keter Sanctuary,,RRR
VGE-DZ-SS16,The Legendary Vanguards,https://cardfight.fandom.com/wiki/DZ_Special_Series_16:_The_Legendary_Vanguards,DZ-SS16/016,"Yellow Jeweled Beast, Tolpaz",黄宝獣トールパーズ,"https://cardfight.fandom.com/wiki/Yellow_Jeweled_Beast,_Tolpaz",1,Keter Sanctuary,,RRR
VGE-DZ-SS16,The Legendary Vanguards,https://cardfight.fandom.com/wiki/DZ_Special_Series_16:_The_Legendary_Vanguards,DZ-SS16/017,"Brilliant Dragon, Bradiark",昂照竜ブレディアーク,"https://cardfight.fandom.com/wiki/Brilliant_Dragon,_Bradiark",1,Keter Sanctuary,,RRR
VGE-DZ-SS16,The Legendary Vanguards,https://cardfight.fandom.com/wiki/DZ_Special_Series_16:_The_Legendary_Vanguards,DZ-SS16/018,"Knight of All Night, Esnia",終夜の騎士エスニア,"https://cardfight.fandom.com/wiki/Knight_of_All_Night,_Esnia",1,Keter Sanctuary,,RRR
VGE-DZ-SS16,The Legendary Vanguards,https://cardfight.fandom.com/wiki/DZ_Special_Series_16:_The_Legendary_Vanguards,DZ-SS16/019,"Deeplands, Meydith",深淵霊域メイディス,"https://cardfight.fandom.com/wiki/Deeplands,_Meydith",2,Stoicheia,,RRR
VGE-DZ-SS16,The Legendary Vanguards,https://cardfight.fandom.com/wiki/DZ_Special_Series_16:_The_Legendary_Vanguards,DZ-SS16/020,"Illusivewing Dragon, Fjarmja",幻翅竜フェアルミア,"https://cardfight.fandom.com/wiki/Illusivewing_Dragon,_Fjarmja",1,Stoicheia,,RRR
VGE-DZ-SS16,The Legendary Vanguards,https://cardfight.fandom.com/wiki/DZ_Special_Series_16:_The_Legendary_Vanguards,DZ-SS16/021,"Fairy of Reluctant Farewell, Aptisheet",惜別の妖精アプティシート,"https://cardfight.fandom.com/wiki/Fairy_of_Reluctant_Farewell,_Aptisheet",1,Stoicheia,,RRR
VGE-DZ-SS16,The Legendary Vanguards,https://cardfight.fandom.com/wiki/DZ_Special_Series_16:_The_Legendary_Vanguards,DZ-SS16/022,"Green Jeweled Beast, Elmedar",緑宝獣エルメイダ,"https://cardfight.fandom.com/wiki/Green_Jeweled_Beast,_Elmedar",1,Stoicheia,,RRR
VGE-DZ-SS16,The Legendary Vanguards,https://cardfight.fandom.com/wiki/DZ_Special_Series_16:_The_Legendary_Vanguards,DZ-SS16/023,Imagine It! A Photo Session with Marlean! Downer Onee-san,イメイジしろ！マルレーンとチェキ会を！ダウナーお姉さん,https://cardfight.fandom.com/wiki/Imagine_It!_A_Photo_Session_with_Marlean!_Downer_Onee-san,3,Lyrical Monasterio,Persona Ride,RRR
VGE-DZ-SS16,The Legendary Vanguards,https://cardfight.fandom.com/wiki/DZ_Special_Series_16:_The_Legendary_Vanguards,DZ-SS16/024,"One Night Witch, Strega",今夜だけの魔女ストレージャ,"https://cardfight.fandom.com/wiki/One_Night_Witch,_Strega",2,Lyrical Monasterio,,RRR
VGE-DZ-SS16,The Legendary Vanguards,https://cardfight.fandom.com/wiki/DZ_Special_Series_16:_The_Legendary_Vanguards,DZ-SS16/025,"Seasong Dragon, Elestino",海謡竜エレスティーノ,"https://cardfight.fandom.com/wiki/Seasong_Dragon,_Elestino",1,Lyrical Monasterio,,RRR
VGE-DZ-SS16,The Legendary Vanguards,https://cardfight.fandom.com/wiki/DZ_Special_Series_16:_The_Legendary_Vanguards,DZ-SS16/026,"Rainbow Jeweled Beast, Olpirais",虹宝獣オルピリス,"https://cardfight.fandom.com/wiki/Rainbow_Jeweled_Beast,_Olpirais",1,Lyrical Monasterio,,RRR
VGE-DZ-SS16,The Legendary Vanguards,https://cardfight.fandom.com/wiki/DZ_Special_Series_16:_The_Legendary_Vanguards,DZ-SS16/027,"Break Fang Evil Bond, Alrest & Volgamort",砕牙凶縛アレイスト＆フォルガモルト,"https://cardfight.fandom.com/wiki/Break_Fang_Evil_Bond,_Alrest_%26_Volgamort",2,Dragon Empire,,RRR
VGE-DZ-SS16,The Legendary Vanguards,https://cardfight.fandom.com/wiki/DZ_Special_Series_16:_The_Legendary_Vanguards,DZ-SS16/028,"Dream Sky Mutual Love, Naama & Samaell",夢天相愛ナアマ＆サマエル,"https://cardfight.fandom.com/wiki/Dream_Sky_Mutual_Love,_Naama_%26_Samaell",2,Dark States,,RRR
VGE-DZ-SS16,The Legendary Vanguards,https://cardfight.fandom.com/wiki/DZ_Special_Series_16:_The_Legendary_Vanguards,DZ-SS16/029,"Heavy Corrosion Disconnection, Gravell & Olgulus",重蝕望緑グラヴェル＆オルグス,"https://cardfight.fandom.com/wiki/Heavy_Corrosion_Disconnection,_Gravell_%26_Olgulus",2,Brandt Gate,,RRR
VGE-DZ-SS16,The Legendary Vanguards,https://cardfight.fandom.com/wiki/DZ_Special_Series_16:_The_Legendary_Vanguards,DZ-SS16/030,"Snow Soul Revenge, Maldeas & Koyuki",崩仇雪魂マルディアス＆コユキ,"https://cardfight.fandom.com/wiki/Snow_Soul_Revenge,_Maldeas_%26_Koyuki",2,Keter Sanctuary,,RRR
VGE-DZ-SS16,The Legendary Vanguards,https://cardfight.fandom.com/wiki/DZ_Special_Series_16:_The_Legendary_Vanguards,DZ-SS16/031,"Corpse Hunting Rend Cataclysm, Roveena & Zuin",屍猟裂災ロヴィーナ＆ズウィン,"https://cardfight.fandom.com/wiki/Corpse_Hunting_Rend_Cataclysm,_Roveena_%26_Zuin",2,Stoicheia,,RRR
VGE-DZ-SS16,The Legendary Vanguards,https://cardfight.fandom.com/wiki/DZ_Special_Series_16:_The_Legendary_Vanguards,DZ-SS16/032,"Illusory Tunes Nymph, Keishou",幻奏仙女ケイショウ,"https://cardfight.fandom.com/wiki/Illusory_Tunes_Nymph,_Keishou",2,Dragon Empire,,RR
VGE-DZ-SS16,The Legendary Vanguards,https://cardfight.fandom.com/wiki/DZ_Special_Series_16:_The_Legendary_Vanguards,DZ-SS16/033,"Stealth Dragon, Souzan",忍竜ソウザン,"https://cardfight.fandom.com/wiki/Stealth_Dragon,_Souzan",1,Dragon Empire,,RR
VGE-DZ-SS16,The Legendary Vanguards,https://cardfight.fandom.com/wiki/DZ_Special_Series_16:_The_Legendary_Vanguards,DZ-SS16/034,"Stealth Fiend, Futakuchiyo",忍妖フタクチヨ,"https://cardfight.fandom.com/wiki/Stealth_Fiend,_Futakuchiyo",0,Dragon Empire,Front,RR
VGE-DZ-SS16,The Legendary Vanguards,https://cardfight.fandom.com/wiki/DZ_Special_Series_16:_The_Legendary_Vanguards,DZ-SS16/035,Festive Trapezist,フェスティヴ・トラピージスト,https://cardfight.fandom.com/wiki/Festive_Trapezist,2,Dark States,,RR
VGE-DZ-SS16,The Legendary Vanguards,https://cardfight.fandom.com/wiki/DZ_Special_Series_16:_The_Legendary_Vanguards,DZ-SS16/036,"Adventure Studies Academic, Arius",冒険科学士アリウス,"https://cardfight.fandom.com/wiki/Adventure_Studies_Academic,_Arius",2,Dark States,,RR
VGE-DZ-SS16,The Legendary Vanguards,https://cardfight.fandom.com/wiki/DZ_Special_Series_16:_The_Legendary_Vanguards,DZ-SS16/037,"Shadow Stabbing Demonic Spear Knight, Criminatress",冥刺の魔槍士クリミナトレス,"https://cardfight.fandom.com/wiki/Shadow_Stabbing_Demonic_Spear_Knight,_Criminatress",1,Dark States,,RR
VGE-DZ-SS16,The Legendary Vanguards,https://cardfight.fandom.com/wiki/DZ_Special_Series_16:_The_Legendary_Vanguards,DZ-SS16/038,"Strange Noise of Ruin, Aduro",破滅の怪音アドゥーロ,"https://cardfight.fandom.com/wiki/Strange_Noise_of_Ruin,_Aduro",0,Dark States,Front,RR
VGE-DZ-SS16,The Legendary Vanguards,https://cardfight.fandom.com/wiki/DZ_Special_Series_16:_The_Legendary_Vanguards,DZ-SS16/039,"Imaginary Number Dragon, Diraxy",虚数竜ディラクシィ,"https://cardfight.fandom.com/wiki/Imaginary_Number_Dragon,_Diraxy",2,Brandt Gate,,RR
VGE-DZ-SS16,The Legendary Vanguards,https://cardfight.fandom.com/wiki/DZ_Special_Series_16:_The_Legendary_Vanguards,DZ-SS16/040,Optimizing Mechanic,オプティマイジング・メカニック,https://cardfight.fandom.com/wiki/Optimizing_Mechanic,1,Brandt Gate,,RR
VGE-DZ-SS16,The Legendary Vanguards,https://cardfight.fandom.com/wiki/DZ_Special_Series_16:_The_Legendary_Vanguards,DZ-SS16/041,"Endearing Vendor, Mateyna",エンディアリング・ベンダー マイティーナ,"https://cardfight.fandom.com/wiki/Endearing_Vendor,_Mateyna",0,Brandt Gate,Front,RR
VGE-DZ-SS16,The Legendary Vanguards,https://cardfight.fandom.com/wiki/DZ_Special_Series_16:_The_Legendary_Vanguards,DZ-SS16/042,"Flash Crystal Dragon, Sevenavia",閃晶竜セブネイヴィア,"https://cardfight.fandom.com/wiki/Flash_Crystal_Dragon,_Sevenavia",2,Keter Sanctuary,,RR
VGE-DZ-SS16,The Legendary Vanguards,https://cardfight.fandom.com/wiki/DZ_Special_Series_16:_The_Legendary_Vanguards,DZ-SS16/043,"Pale White Magic, Nonomira",皓白の魔法ノノミラ,"https://cardfight.fandom.com/wiki/Pale_White_Magic,_Nonomira",1,Keter Sanctuary,,RR
VGE-DZ-SS16,The Legendary Vanguards,https://cardfight.fandom.com/wiki/DZ_Special_Series_16:_The_Legendary_Vanguards,DZ-SS16/044,"Divine Sister, Natilla",ディヴァインシスター なてぃーじゃ,"https://cardfight.fandom.com/wiki/Divine_Sister,_Natilla",0,Keter Sanctuary,Front,RR
VGE-DZ-SS16,The Legendary Vanguards,https://cardfight.fandom.com/wiki/DZ_Special_Series_16:_The_Legendary_Vanguards,DZ-SS16/045,"Knight of Health and Welfare, Eterpines",衛福の騎士エテルピネス,"https://cardfight.fandom.com/wiki/Knight_of_Health_and_Welfare,_Eterpines",2,Stoicheia,,RR
VGE-DZ-SS16,The Legendary Vanguards,https://cardfight.fandom.com/wiki/DZ_Special_Series_16:_The_Legendary_Vanguards,DZ-SS16/046,Lavish Scent Dragon,ラヴィッシュセント・ドラゴン,https://cardfight.fandom.com/wiki/Lavish_Scent_Dragon,1,Stoicheia,,RR
VGE-DZ-SS16,The Legendary Vanguards,https://cardfight.fandom.com/wiki/DZ_Special_Series_16:_The_Legendary_Vanguards,DZ-SS16/047,"Tear Knight, Rothion",ティアーナイト ロティオン,"https://cardfight.fandom.com/wiki/Tear_Knight,_Rothion",0,Stoicheia,Front,RR
VGE-DZ-SS16,The Legendary Vanguards,https://cardfight.fandom.com/wiki/DZ_Special_Series_16:_The_Legendary_Vanguards,DZ-SS16/048,"Spiny∧Spiky, Heathe",Spiny∧Spikyヒース,"https://cardfight.fandom.com/wiki/Spiny%E2%88%A7Spiky,_Heathe",0,Lyrical Monasterio,Front,RR
VGE-DZ-SS16,The Legendary Vanguards,https://cardfight.fandom.com/wiki/DZ_Special_Series_16:_The_Legendary_Vanguards,DZ-SS16/049,"Stealth Dragon, Madowazu",忍竜マドワズ,"https://cardfight.fandom.com/wiki/Stealth_Dragon,_Madowazu",0,Dragon Empire,Critical,C
VGE-DZ-SS16,The Legendary Vanguards,https://cardfight.fandom.com/wiki/DZ_Special_Series_16:_The_Legendary_Vanguards,DZ-SS16/050,"Stealth Dragon, Midaregumo",忍竜ミダレグモ,"https://cardfight.fandom.com/wiki/Stealth_Dragon,_Midaregumo",0,Dragon Empire,Draw,C
VGE-DZ-SS16,The Legendary Vanguards,https://cardfight.fandom.com/wiki/DZ_Special_Series_16:_The_Legendary_Vanguards,DZ-SS16/051,"Stealth Dragon, Yamitaguri",忍竜ヤミタグリ,"https://cardfight.fandom.com/wiki/Stealth_Dragon,_Yamitaguri",0,Dragon Empire,Front,C
VGE-DZ-SS16,The Legendary Vanguards,https://cardfight.fandom.com/wiki/DZ_Special_Series_16:_The_Legendary_Vanguards,DZ-SS16/052,"Stealth Dragon, Shikintan",忍竜シキンタン,"https://cardfight.fandom.com/wiki/Stealth_Dragon,_Shikintan",0,Dragon Empire,Heal,C
VGE-DZ-SS16,The Legendary Vanguards,https://cardfight.fandom.com/wiki/DZ_Special_Series_16:_The_Legendary_Vanguards,DZ-SS16/053,Swanky Enthraller,スワンキィ・エンスローラー,https://cardfight.fandom.com/wiki/Swanky_Enthraller,0,Dark States,Critical,C
VGE-DZ-SS16,The Legendary Vanguards,https://cardfight.fandom.com/wiki/DZ_Special_Series_16:_The_Legendary_Vanguards,DZ-SS16/054,Silky Sky Actress,シルキィスカイ・アクトレス,https://cardfight.fandom.com/wiki/Silky_Sky_Actress,0,Dark States,Draw,C
VGE-DZ-SS16,The Legendary Vanguards,https://cardfight.fandom.com/wiki/DZ_Special_Series_16:_The_Legendary_Vanguards,DZ-SS16/055,Intrepid Spinner,イントレピッド・スピナー,https://cardfight.fandom.com/wiki/Intrepid_Spinner,0,Dark States,Front,C
VGE-DZ-SS16,The Legendary Vanguards,https://cardfight.fandom.com/wiki/DZ_Special_Series_16:_The_Legendary_Vanguards,DZ-SS16/056,Gambling Juggler,ギャンブリング・ジャグラー,https://cardfight.fandom.com/wiki/Gambling_Juggler,0,Dark States,Heal,C
VGE-DZ-SS16,The Legendary Vanguards,https://cardfight.fandom.com/wiki/DZ_Special_Series_16:_The_Legendary_Vanguards,DZ-SS16/057,Chain-like Cluster,チェイン・ライクラスタ,https://cardfight.fandom.com/wiki/Chain-like_Cluster,0,Brandt Gate,Critical,C
VGE-DZ-SS16,The Legendary Vanguards,https://cardfight.fandom.com/wiki/DZ_Special_Series_16:_The_Legendary_Vanguards,DZ-SS16/058,"Light-flux Bowman, Luminoflux",光束の撃手ルミノフラクス,"https://cardfight.fandom.com/wiki/Light-flux_Bowman,_Luminoflux",0,Brandt Gate,Draw,C
VGE-DZ-SS16,The Legendary Vanguards,https://cardfight.fandom.com/wiki/DZ_Special_Series_16:_The_Legendary_Vanguards,DZ-SS16/059,"Analysis Thrashing, Brightrim",討究の打擲ブライトリム,"https://cardfight.fandom.com/wiki/Analysis_Thrashing,_Brightrim",0,Brandt Gate,Front,C
VGE-DZ-SS16,The Legendary Vanguards,https://cardfight.fandom.com/wiki/DZ_Special_Series_16:_The_Legendary_Vanguards,DZ-SS16/060,Waving Hand of Vacuum Discharge,真空放電の揮い手,https://cardfight.fandom.com/wiki/Waving_Hand_of_Vacuum_Discharge,0,Brandt Gate,Heal,C
VGE-DZ-SS16,The Legendary Vanguards,https://cardfight.fandom.com/wiki/DZ_Special_Series_16:_The_Legendary_Vanguards,DZ-SS16/061,"Knight of Orderly Bow, Llyvarch",整弓の騎士サヴァルフ,"https://cardfight.fandom.com/wiki/Knight_of_Orderly_Bow,_Llyvarch",0,Keter Sanctuary,Critical,C
VGE-DZ-SS16,The Legendary Vanguards,https://cardfight.fandom.com/wiki/DZ_Special_Series_16:_The_Legendary_Vanguards,DZ-SS16/062,Accumulation Sage,アキュムレーション・セージ,https://cardfight.fandom.com/wiki/Accumulation_Sage,0,Keter Sanctuary,Draw,C
VGE-DZ-SS16,The Legendary Vanguards,https://cardfight.fandom.com/wiki/DZ_Special_Series_16:_The_Legendary_Vanguards,DZ-SS16/063,Shargaon,しゃるがおん,https://cardfight.fandom.com/wiki/Shargaon,0,Keter Sanctuary,Front,C
VGE-DZ-SS16,The Legendary Vanguards,https://cardfight.fandom.com/wiki/DZ_Special_Series_16:_The_Legendary_Vanguards,DZ-SS16/064,"Knight of Clarion Strings, Rikula",爽琴の騎士リクラ,"https://cardfight.fandom.com/wiki/Knight_of_Clarion_Strings,_Rikula",0,Keter Sanctuary,Heal,C
VGE-DZ-SS16,The Legendary Vanguards,https://cardfight.fandom.com/wiki/DZ_Special_Series_16:_The_Legendary_Vanguards,DZ-SS16/065,"Tear Knight, Costas",ティアーナイト コスタス,"https://cardfight.fandom.com/wiki/Tear_Knight,_Costas",0,Stoicheia,Critical,C
VGE-DZ-SS16,The Legendary Vanguards,https://cardfight.fandom.com/wiki/DZ_Special_Series_16:_The_Legendary_Vanguards,DZ-SS16/066,Scattered Strike Brave Shooter,散撃のブレイブ・シューター,https://cardfight.fandom.com/wiki/Scattered_Strike_Brave_Shooter,0,Stoicheia,Draw,C
VGE-DZ-SS16,The Legendary Vanguards,https://cardfight.fandom.com/wiki/DZ_Special_Series_16:_The_Legendary_Vanguards,DZ-SS16/067,"Tear Knight, Kaikilia",ティアーナイト カイキリア,"https://cardfight.fandom.com/wiki/Tear_Knight,_Kaikilia",0,Stoicheia,Front,C
VGE-DZ-SS16,The Legendary Vanguards,https://cardfight.fandom.com/wiki/DZ_Special_Series_16:_The_Legendary_Vanguards,DZ-SS16/068,"Battle Siren, Dorcea",戦場の歌姫ドルセア,"https://cardfight.fandom.com/wiki/Battle_Siren,_Dorcea",0,Stoicheia,Heal,C
VGE-DZ-SS16,The Legendary Vanguards,https://cardfight.fandom.com/wiki/DZ_Special_Series_16:_The_Legendary_Vanguards,DZ-SS16/069,"Fluffy Lady, Godelieve",ゆったりふわふわお嬢様ホーデリーフェ,"https://cardfight.fandom.com/wiki/Fluffy_Lady,_Godelieve",0,Lyrical Monasterio,Critical,C
VGE-DZ-SS16,The Legendary Vanguards,https://cardfight.fandom.com/wiki/DZ_Special_Series_16:_The_Legendary_Vanguards,DZ-SS16/070,"Answerer Encore, Daatje",止まぬ歓声に応えてダーチェ,"https://cardfight.fandom.com/wiki/Answerer_Encore,_Daatje",0,Lyrical Monasterio,Draw,C
VGE-DZ-SS16,The Legendary Vanguards,https://cardfight.fandom.com/wiki/DZ_Special_Series_16:_The_Legendary_Vanguards,DZ-SS16/071,"Pop Out Front Line, Gisela",飛び出せ最前線ヒセラ,"https://cardfight.fandom.com/wiki/Pop_Out_Front_Line,_Gisela",0,Lyrical Monasterio,Front,C
VGE-DZ-SS16,The Legendary Vanguards,https://cardfight.fandom.com/wiki/DZ_Special_Series_16:_The_Legendary_Vanguards,DZ-SS16/072,"Diva of Ataraxia, Georgina",清適の歌姫ショルシーナ,"https://cardfight.fandom.com/wiki/Diva_of_Ataraxia,_Georgina",0,Lyrical Monasterio,Heal,C
VGE-DZ-SS16,The Legendary Vanguards,https://cardfight.fandom.com/wiki/DZ_Special_Series_16:_The_Legendary_Vanguards,DZ-SS16/LG01,"Chakrabarthi Deity Dragon, Nirvana Bagarvan",天輪神竜ニルヴァーナ・バガヴァーン,"https://cardfight.fandom.com/wiki/Chakrabarthi_Deity_Dragon,_Nirvana_Bagarvan",3,Dragon Empire,Persona Ride,LGRRR
VGE-DZ-SS16,The Legendary Vanguards,https://cardfight.fandom.com/wiki/DZ_Special_Series_16:_The_Legendary_Vanguards,DZ-SS16/LG02,"Deity Strike Equip, Garna Vairina",武装神撃ガルナヴェルリーナ,"https://cardfight.fandom.com/wiki/Deity_Strike_Equip,_Garna_Vairina",2,Dragon Empire,,LGRRR
VGE-DZ-SS16,The Legendary Vanguards,https://cardfight.fandom.com/wiki/DZ_Special_Series_16:_The_Legendary_Vanguards,DZ-SS16/LG03,"Flame of Promise, Aermo",約束の火エルモ,"https://cardfight.fandom.com/wiki/Flame_of_Promise,_Aermo_(D_Series)",1,Dragon Empire,,LGRRR
VGE-DZ-SS16,The Legendary Vanguards,https://cardfight.fandom.com/wiki/DZ_Special_Series_16:_The_Legendary_Vanguards,DZ-SS16/LG04,Chronodragon Nextage,クロノドラゴン・ネクステージ,https://cardfight.fandom.com/wiki/Chronodragon_Nextage_(Fighter_Icon),4,Dark States,G unit,LGRRR
VGE-DZ-SS16,The Legendary Vanguards,https://cardfight.fandom.com/wiki/DZ_Special_Series_16:_The_Legendary_Vanguards,DZ-SS16/LG05,Chronojet Dragon,クロノジェット・ドラゴン,https://cardfight.fandom.com/wiki/Chronojet_Dragon_(Fighter_Icon),3,Dark States,,LGRRR
VGE-DZ-SS16,The Legendary Vanguards,https://cardfight.fandom.com/wiki/DZ_Special_Series_16:_The_Legendary_Vanguards,DZ-SS16/LG06,Upstream Dragon,アップストリーム・ドラゴン,https://cardfight.fandom.com/wiki/Upstream_Dragon_(Fighter_Icon),2,Dark States,,LGRRR
VGE-DZ-SS16,The Legendary Vanguards,https://cardfight.fandom.com/wiki/DZ_Special_Series_16:_The_Legendary_Vanguards,DZ-SS16/LG07,"Gleaming Lord, Uranus",煌天神ウラヌス,"https://cardfight.fandom.com/wiki/Gleaming_Lord,_Uranus_(D_Series)",3,Keter Sanctuary,Persona Ride,LGRRR
VGE-DZ-SS16,The Legendary Vanguards,https://cardfight.fandom.com/wiki/DZ_Special_Series_16:_The_Legendary_Vanguards,DZ-SS16/LG08,"Quaking Heavenly Dragon, Astraios Dragon",震天竜アストライオス・ドラゴン,"https://cardfight.fandom.com/wiki/Quaking_Heavenly_Dragon,_Astraios_Dragon_(D_Series)",3,Keter Sanctuary,Persona Ride,LGRRR
VGE-DZ-SS16,The Legendary Vanguards,https://cardfight.fandom.com/wiki/DZ_Special_Series_16:_The_Legendary_Vanguards,DZ-SS16/LG09,"High Dog Breeder, Akane",ハイドッグブリーダー アカネ,"https://cardfight.fandom.com/wiki/High_Dog_Breeder,_Akane_(D_Series)",2,Keter Sanctuary,,LGRRR
VGE-DZ-SS16,The Legendary Vanguards,https://cardfight.fandom.com/wiki/DZ_Special_Series_16:_The_Legendary_Vanguards,DZ-SS16/LG10,Astraia of the Full Heavens,満天のアストライアー,https://cardfight.fandom.com/wiki/Astraia_of_the_Full_Heavens_(D_Series),1,Keter Sanctuary,,LGRRR
VGE-DZ-SS16,The Legendary Vanguards,https://cardfight.fandom.com/wiki/DZ_Special_Series_16:_The_Legendary_Vanguards,DZ-SS16/LG11,"Blaze Equip Dragon, Vaikal",装焔竜ヴァイカル,"https://cardfight.fandom.com/wiki/Blaze_Equip_Dragon,_Vaikal",1,Dragon Empire,,LGRR
VGE-DZ-SS16,The Legendary Vanguards,https://cardfight.fandom.com/wiki/DZ_Special_Series_16:_The_Legendary_Vanguards,DZ-SS16/LG12,"Interdimensional Dragon, Mystery-flare Dragon",時空竜ミステリーフレア・ドラゴン,"https://cardfight.fandom.com/wiki/Interdimensional_Dragon,_Mystery-flare_Dragon_(D_Series)",4,Dark States,G unit,LGRR
VGE-DZ-SS16,The Legendary Vanguards,https://cardfight.fandom.com/wiki/DZ_Special_Series_16:_The_Legendary_Vanguards,DZ-SS16/LG13,"Steam Fighter, Balih",スチームファイター バリフ,"https://cardfight.fandom.com/wiki/Steam_Fighter,_Balih_(Fighter_Icon)",3,Dark States,Persona Ride,LGRR
VGE-DZ-SS16,The Legendary Vanguards,https://cardfight.fandom.com/wiki/DZ_Special_Series_16:_The_Legendary_Vanguards,DZ-SS16/LG14,"Steam Fighter, Amber",スチームファイター アンバー,"https://cardfight.fandom.com/wiki/Steam_Fighter,_Amber_(D_Series)",2,Dark States,,LGRR
VGE-DZ-SS16,The Legendary Vanguards,https://cardfight.fandom.com/wiki/DZ_Special_Series_16:_The_Legendary_Vanguards,DZ-SS16/LG15,"Steam Scara, Gigi",スチームスカラー ジジ,"https://cardfight.fandom.com/wiki/Steam_Scara,_Gigi_(Fighter_Icon)",1,Dark States,,LGRR
VGE-DZ-SS16,The Legendary Vanguards,https://cardfight.fandom.com/wiki/DZ_Special_Series_16:_The_Legendary_Vanguards,DZ-SS16/LG16,Steam Breath Dragon,スチームブレス・ドラゴン,https://cardfight.fandom.com/wiki/Steam_Breath_Dragon_(Fighter_Icon),1,Dark States,,LGRR
VGE-DZ-SS16,The Legendary Vanguards,https://cardfight.fandom.com/wiki/DZ_Special_Series_16:_The_Legendary_Vanguards,DZ-SS16/LG17,Phosphoros of Auspicious Light,瑞光のポースポロス,https://cardfight.fandom.com/wiki/Phosphoros_of_Auspicious_Light_(D_Series),2,Keter Sanctuary,,LGRR
VGE-DZ-SS16,The Legendary Vanguards,https://cardfight.fandom.com/wiki/DZ_Special_Series_16:_The_Legendary_Vanguards,DZ-SS16/LG18,Deputize Bear,デピュタイズ・ベア,https://cardfight.fandom.com/wiki/Deputize_Bear_(D_Series),1,Keter Sanctuary,,LGRR
VGE-DZ-SS16,The Legendary Vanguards,https://cardfight.fandom.com/wiki/DZ_Special_Series_16:_The_Legendary_Vanguards,DZ-SS16/LG19,Pongal,ぽーんがる,https://cardfight.fandom.com/wiki/Pongal_(D_Series),1,Keter Sanctuary,,LGRR
VGE-DZ-SS16,The Legendary Vanguards,https://cardfight.fandom.com/wiki/DZ_Special_Series_16:_The_Legendary_Vanguards,DZ-SS16/LG20,"Giant Deity of Distant World, Valkerion",絶界巨神ヴァルケリオン,"https://cardfight.fandom.com/wiki/Giant_Deity_of_Distant_World,_Valkerion_(D_Series)",5,Cray Elemental,,LGRR
VGE-DZ-SS16,The Legendary Vanguards,https://cardfight.fandom.com/wiki/DZ_Special_Series_16:_The_Legendary_Vanguards,DZ-SS16/LG21,"Weaving Prayers Blaze Maiden, Reiyu",祈り紡ぐ焔の巫女レイユ,"https://cardfight.fandom.com/wiki/Weaving_Prayers_Blaze_Maiden,_Reiyu",2,Dragon Empire,,LGR
VGE-DZ-SS16,The Legendary Vanguards,https://cardfight.fandom.com/wiki/DZ_Special_Series_16:_The_Legendary_Vanguards,DZ-SS16/LG22,"Reunion Blaze Maiden, Rino",巡り逢う焔の巫女リノ,"https://cardfight.fandom.com/wiki/Reunion_Blaze_Maiden,_Rino",1,Dragon Empire,,LGR
VGE-DZ-SS16,The Legendary Vanguards,https://cardfight.fandom.com/wiki/DZ_Special_Series_16:_The_Legendary_Vanguards,DZ-SS16/LG23,Sunlight Egg,サンライト・エッグ,https://cardfight.fandom.com/wiki/Sunlight_Egg,0,Dragon Empire,,LGR
VGE-DZ-SS16,The Legendary Vanguards,https://cardfight.fandom.com/wiki/DZ_Special_Series_16:_The_Legendary_Vanguards,DZ-SS16/LG24,Smokegear Dragon,スモークギア・ドラゴン,https://cardfight.fandom.com/wiki/Smokegear_Dragon_(Fighter_Icon),2,Dark States,,LGR
VGE-DZ-SS16,The Legendary Vanguards,https://cardfight.fandom.com/wiki/DZ_Special_Series_16:_The_Legendary_Vanguards,DZ-SS16/LG25,Masergear Dragon,メーザーギア・ドラゴン,https://cardfight.fandom.com/wiki/Masergear_Dragon_(Fighter_Icon),1,Dark States,,LGR
VGE-DZ-SS16,The Legendary Vanguards,https://cardfight.fandom.com/wiki/DZ_Special_Series_16:_The_Legendary_Vanguards,DZ-SS16/LG26,"Steam Maiden, Arlim",スチームメイデン アルリム,"https://cardfight.fandom.com/wiki/Steam_Maiden,_Arlim_(Fighter_Icon)",1,Dark States,Sentinel,LGR
VGE-DZ-SS16,The Legendary Vanguards,https://cardfight.fandom.com/wiki/DZ_Special_Series_16:_The_Legendary_Vanguards,DZ-SS16/LG27,Chrono Dran,クロノ・ドラン,https://cardfight.fandom.com/wiki/Chrono_Dran_(Fighter_Icon),0,Dark States,,LGR
VGE-DZ-SS16,The Legendary Vanguards,https://cardfight.fandom.com/wiki/DZ_Special_Series_16:_The_Legendary_Vanguards,DZ-SS16/LG28,"Steam Battler, Dadasig",スチームバトラー ダダシグ,"https://cardfight.fandom.com/wiki/Steam_Battler,_Dadasig_(D_Series)",0,Dark States,Critical,LGR
VGE-DZ-SS16,The Legendary Vanguards,https://cardfight.fandom.com/wiki/DZ_Special_Series_16:_The_Legendary_Vanguards,DZ-SS16/LG29,Stomach Clock Gear Rabbit,腹時計付きのギアラビツト,https://cardfight.fandom.com/wiki/Stomach_Clock_Gear_Rabbit_(D_Series),0,Dark States,Critical,LGR
VGE-DZ-SS16,The Legendary Vanguards,https://cardfight.fandom.com/wiki/DZ_Special_Series_16:_The_Legendary_Vanguards,DZ-SS16/LG30,Luckypot Dracokid,ラッキーポット・ドラコキッド,https://cardfight.fandom.com/wiki/Luckypot_Dracokid_(D_Series),0,Dark States,Draw,LGR
VGE-DZ-SS16,The Legendary Vanguards,https://cardfight.fandom.com/wiki/DZ_Special_Series_16:_The_Legendary_Vanguards,DZ-SS16/LG31,"Steam Maiden, Uluru",スチームメイデン ウルル,"https://cardfight.fandom.com/wiki/Steam_Maiden,_Uluru_(D_Series)",0,Dark States,Heal,LGR
VGE-DZ-SS16,The Legendary Vanguards,https://cardfight.fandom.com/wiki/DZ_Special_Series_16:_The_Legendary_Vanguards,DZ-SS16/LG32,Prometheus of Dancing Lights,舞灯のプロメテウス,https://cardfight.fandom.com/wiki/Prometheus_of_Dancing_Lights_(D_Series),2,Keter Sanctuary,,LGR
VGE-DZ-SS16,The Legendary Vanguards,https://cardfight.fandom.com/wiki/DZ_Special_Series_16:_The_Legendary_Vanguards,DZ-SS16/LG33,Atlas of Heavenly Sphere,天球のアトラス,https://cardfight.fandom.com/wiki/Atlas_of_Heavenly_Sphere_(D_Series),1,Keter Sanctuary,,LGR
VGE-DZ-SS16,The Legendary Vanguards,https://cardfight.fandom.com/wiki/DZ_Special_Series_16:_The_Legendary_Vanguards,DZ-SS16/LG34,"Administrator of Hope, Pandora",希望の管理人パンドラ,"https://cardfight.fandom.com/wiki/Administrator_of_Hope,_Pandora_(D_Series)",1,Keter Sanctuary,Sentinel,LGR
VGE-DZ-SS16,The Legendary Vanguards,https://cardfight.fandom.com/wiki/DZ_Special_Series_16:_The_Legendary_Vanguards,DZ-SS16/LG35,Pan of New Style,新風のパーン,https://cardfight.fandom.com/wiki/Pan_of_New_Style_(D_Series),0,Keter Sanctuary,,LGR
VGE-DZ-SS16,The Legendary Vanguards,https://cardfight.fandom.com/wiki/DZ_Special_Series_16:_The_Legendary_Vanguards,DZ-SS16/LG36,"Battle Maiden, Kukurihime",戦巫女ククリヒメ,"https://cardfight.fandom.com/wiki/Battle_Maiden,_Kukurihime_(D_Series)",0,Keter Sanctuary,Critical,LGR
VGE-DZ-SS16,The Legendary Vanguards,https://cardfight.fandom.com/wiki/DZ_Special_Series_16:_The_Legendary_Vanguards,DZ-SS16/LG37,Cyber Tiger,サイバー・タイガー,https://cardfight.fandom.com/wiki/Cyber_Tiger_(D_Series),0,Keter Sanctuary,Critical,LGR
VGE-DZ-SS16,The Legendary Vanguards,https://cardfight.fandom.com/wiki/DZ_Special_Series_16:_The_Legendary_Vanguards,DZ-SS16/LG38,Talisman Angel,タリスマン・エンジェル,https://cardfight.fandom.com/wiki/Talisman_Angel_(D_Series),0,Keter Sanctuary,Draw,LGR
VGE-DZ-SS16,The Legendary Vanguards,https://cardfight.fandom.com/wiki/DZ_Special_Series_16:_The_Legendary_Vanguards,DZ-SS16/LG39,"Witch of Big Pots, Laurier",大鍋の魔女ローリエ,"https://cardfight.fandom.com/wiki/Witch_of_Big_Pots,_Laurier_(D_Series)",0,Keter Sanctuary,Heal,LGR
VGE-DZ-SS16,The Legendary Vanguards,https://cardfight.fandom.com/wiki/DZ_Special_Series_16:_The_Legendary_Vanguards,DZ-SS16/Re01,"Iron Emperor Dragon, Gargurex",鉄皇竜ガルグレックス,"https://cardfight.fandom.com/wiki/Iron_Emperor_Dragon,_Gargurex",3,Dragon Empire,Persona Ride,Re
VGE-DZ-SS16,The Legendary Vanguards,https://cardfight.fandom.com/wiki/DZ_Special_Series_16:_The_Legendary_Vanguards,DZ-SS16/Re02,Variance Ray Dragon,ヴァリアンスレイ・ドラゴン,https://cardfight.fandom.com/wiki/Variance_Ray_Dragon,2,Dragon Empire,,Re
VGE-DZ-SS16,The Legendary Vanguards,https://cardfight.fandom.com/wiki/DZ_Special_Series_16:_The_Legendary_Vanguards,DZ-SS16/Re03,"Iron Arm Dragon, Gargurex",鉄腕竜ガルグレックス,"https://cardfight.fandom.com/wiki/Iron_Arm_Dragon,_Gargurex",2,Dragon Empire,,Re
VGE-DZ-SS16,The Legendary Vanguards,https://cardfight.fandom.com/wiki/DZ_Special_Series_16:_The_Legendary_Vanguards,DZ-SS16/Re04,"Dragritter, Nahara",ドラグリッター ナハラ,"https://cardfight.fandom.com/wiki/Dragritter,_Nahara",2,Dragon Empire,,Re
VGE-DZ-SS16,The Legendary Vanguards,https://cardfight.fandom.com/wiki/DZ_Special_Series_16:_The_Legendary_Vanguards,DZ-SS16/Re05,Incinerate Dragon,インシナレート・ドラゴン,https://cardfight.fandom.com/wiki/Incinerate_Dragon,1,Dragon Empire,,Re
VGE-DZ-SS16,The Legendary Vanguards,https://cardfight.fandom.com/wiki/DZ_Special_Series_16:_The_Legendary_Vanguards,DZ-SS16/Re06,"Spin Equip Dragon, Buzzsaw",装施竜バズゾール,"https://cardfight.fandom.com/wiki/Spin_Equip_Dragon,_Buzzsaw",1,Dragon Empire,,Re
VGE-DZ-SS16,The Legendary Vanguards,https://cardfight.fandom.com/wiki/DZ_Special_Series_16:_The_Legendary_Vanguards,DZ-SS16/Re07,"Iron Claw Dragon, Gargurex",鉄爪竜ガルグレックス,"https://cardfight.fandom.com/wiki/Iron_Claw_Dragon,_Gargurex",1,Dragon Empire,,Re
VGE-DZ-SS16,The Legendary Vanguards,https://cardfight.fandom.com/wiki/DZ_Special_Series_16:_The_Legendary_Vanguards,DZ-SS16/Re08,"Dragritter, Kareem",ドラグリッター カリーム,"https://cardfight.fandom.com/wiki/Dragritter,_Kareem",1,Dragon Empire,,Re
VGE-DZ-SS16,The Legendary Vanguards,https://cardfight.fandom.com/wiki/DZ_Special_Series_16:_The_Legendary_Vanguards,DZ-SS16/Re09,Feuerfly Dragon,フォイエルフライ・ドラゴン,https://cardfight.fandom.com/wiki/Feuerfly_Dragon,1,Dragon Empire,,Re
VGE-DZ-SS16,The Legendary Vanguards,https://cardfight.fandom.com/wiki/DZ_Special_Series_16:_The_Legendary_Vanguards,DZ-SS16/Re10,"Dancing Princess of the Gale, Eolia",烈風の舞姫エオリア,"https://cardfight.fandom.com/wiki/Dancing_Princess_of_the_Gale,_Eolia",1,Dragon Empire,,Re
VGE-DZ-SS16,The Legendary Vanguards,https://cardfight.fandom.com/wiki/DZ_Special_Series_16:_The_Legendary_Vanguards,DZ-SS16/Re11,"Baby Dragon, Gargurex",幼竜ガルグレックス,"https://cardfight.fandom.com/wiki/Baby_Dragon,_Gargurex",0,Dragon Empire,,Re
VGE-DZ-SS16,The Legendary Vanguards,https://cardfight.fandom.com/wiki/DZ_Special_Series_16:_The_Legendary_Vanguards,DZ-SS16/Re12,"Scorching Cannon Dragon, Dinobelm",焦砲竜ディノベルム,"https://cardfight.fandom.com/wiki/Scorching_Cannon_Dragon,_Dinobelm",0,Dragon Empire,,Re
VGE-DZ-SS16,The Legendary Vanguards,https://cardfight.fandom.com/wiki/DZ_Special_Series_16:_The_Legendary_Vanguards,DZ-SS16/Re13,"Open, O Forbidden Evil-eye",禁断の邪眼よ、開け,"https://cardfight.fandom.com/wiki/Open,_O_Forbidden_Evil-eye",3,Dragon Empire,Normal Order,Re
VGE-DZ-SS16,The Legendary Vanguards,https://cardfight.fandom.com/wiki/DZ_Special_Series_16:_The_Legendary_Vanguards,DZ-SS16/Re14,"Mage of Crimson Light, Ramprit",紅灯の魔導士ラムプリート,"https://cardfight.fandom.com/wiki/Mage_of_Crimson_Light,_Ramprit",2,Dark States,,Re
VGE-DZ-SS16,The Legendary Vanguards,https://cardfight.fandom.com/wiki/DZ_Special_Series_16:_The_Legendary_Vanguards,DZ-SS16/Re15,"Thorns of Gourmet, Nizrog",美食の荊棘ニズログ,"https://cardfight.fandom.com/wiki/Thorns_of_Gourmet,_Nizrog",2,Dark States,,Re
VGE-DZ-SS16,The Legendary Vanguards,https://cardfight.fandom.com/wiki/DZ_Special_Series_16:_The_Legendary_Vanguards,DZ-SS16/Re16,"Gloomy Tunes Demonic Lady, Flauros",幽奏魔嬢フラウロス,"https://cardfight.fandom.com/wiki/Gloomy_Tunes_Demonic_Lady,_Flauros",2,Dark States,,Re
VGE-DZ-SS16,The Legendary Vanguards,https://cardfight.fandom.com/wiki/DZ_Special_Series_16:_The_Legendary_Vanguards,DZ-SS16/Re17,"Stab Magician, Nilfade",刺衛の奇術師ニルフェード,"https://cardfight.fandom.com/wiki/Stab_Magician,_Nilfade",1,Dark States,,Re
VGE-DZ-SS16,The Legendary Vanguards,https://cardfight.fandom.com/wiki/DZ_Special_Series_16:_The_Legendary_Vanguards,DZ-SS16/Re18,"Diabolos Boys, Hines",ディアブロスボーイズ ハインズ,"https://cardfight.fandom.com/wiki/Diabolos_Boys,_Hines",1,Dark States,,Re
VGE-DZ-SS16,The Legendary Vanguards,https://cardfight.fandom.com/wiki/DZ_Special_Series_16:_The_Legendary_Vanguards,DZ-SS16/Re19,"For Now, Forget the Passage of Time",今はただ、時を忘れて,"https://cardfight.fandom.com/wiki/For_Now,_Forget_the_Passage_of_Time",1,Dark States,Set Order,Re
VGE-DZ-SS16,The Legendary Vanguards,https://cardfight.fandom.com/wiki/DZ_Special_Series_16:_The_Legendary_Vanguards,DZ-SS16/Re20,Gravidia Tissint,グラビディア・ティーシント,https://cardfight.fandom.com/wiki/Gravidia_Tissint,2,Brandt Gate,,Re
VGE-DZ-SS16,The Legendary Vanguards,https://cardfight.fandom.com/wiki/DZ_Special_Series_16:_The_Legendary_Vanguards,DZ-SS16/Re21,Ehrlich Gewinner,エールリッヒ・ゲヴィナー,https://cardfight.fandom.com/wiki/Ehrlich_Gewinner,1,Brandt Gate,,Re
VGE-DZ-SS16,The Legendary Vanguards,https://cardfight.fandom.com/wiki/DZ_Special_Series_16:_The_Legendary_Vanguards,DZ-SS16/Re22,"Pollution Monster, Polpollute",汚濁怪獣ポルポリュート,"https://cardfight.fandom.com/wiki/Pollution_Monster,_Polpollute",1,Brandt Gate,,Re
VGE-DZ-SS16,The Legendary Vanguards,https://cardfight.fandom.com/wiki/DZ_Special_Series_16:_The_Legendary_Vanguards,DZ-SS16/Re23,Twilight Boundary,黄昏の境界,https://cardfight.fandom.com/wiki/Twilight_Boundary,1,Brandt Gate,Set Order,Re
VGE-DZ-SS16,The Legendary Vanguards,https://cardfight.fandom.com/wiki/DZ_Special_Series_16:_The_Legendary_Vanguards,DZ-SS16/Re24,"Galactic Base ""A.I.A.S.""",超銀河基地“A.I.A.S.”,https://cardfight.fandom.com/wiki/Galactic_Base_%22A.I.A.S.%22,1,Brandt Gate,Set Order,Re
VGE-DZ-SS16,The Legendary Vanguards,https://cardfight.fandom.com/wiki/DZ_Special_Series_16:_The_Legendary_Vanguards,DZ-SS16/Re25,"Knight of Soaring Slash, Esmeree",翔斬の騎士エスメレ,"https://cardfight.fandom.com/wiki/Knight_of_Soaring_Slash,_Esmeree",3,Keter Sanctuary,Persona Ride,Re
VGE-DZ-SS16,The Legendary Vanguards,https://cardfight.fandom.com/wiki/DZ_Special_Series_16:_The_Legendary_Vanguards,DZ-SS16/Re26,"Knight of Straight Shot, Iltid",正射の騎士イルティード,"https://cardfight.fandom.com/wiki/Knight_of_Straight_Shot,_Iltid",3,Keter Sanctuary,Persona Ride,Re
VGE-DZ-SS16,The Legendary Vanguards,https://cardfight.fandom.com/wiki/DZ_Special_Series_16:_The_Legendary_Vanguards,DZ-SS16/Re27,"Divine Sister, Arroz Con Leche",ディヴァインシスター あろすこんれーちぇ,"https://cardfight.fandom.com/wiki/Divine_Sister,_Arroz_Con_Leche",3,Keter Sanctuary,Persona Ride,Re
VGE-DZ-SS16,The Legendary Vanguards,https://cardfight.fandom.com/wiki/DZ_Special_Series_16:_The_Legendary_Vanguards,DZ-SS16/Re28,Infusion Angel,インフュージョン・エンジェル,https://cardfight.fandom.com/wiki/Infusion_Angel,2,Keter Sanctuary,,Re
VGE-DZ-SS16,The Legendary Vanguards,https://cardfight.fandom.com/wiki/DZ_Special_Series_16:_The_Legendary_Vanguards,DZ-SS16/Re29,Vertical Long Sorceress,縦長顕痕札の女魔術師,https://cardfight.fandom.com/wiki/Vertical_Long_Sorceress,1,Keter Sanctuary,,Re
VGE-DZ-SS16,The Legendary Vanguards,https://cardfight.fandom.com/wiki/DZ_Special_Series_16:_The_Legendary_Vanguards,DZ-SS16/Re30,Journey to the Dragon,,https://cardfight.fandom.com/wiki/Journey_to_the_Dragon,3,Keter Sanctuary,Normal Order,Re
VGE-DZ-SS16,The Legendary Vanguards,https://cardfight.fandom.com/wiki/DZ_Special_Series_16:_The_Legendary_Vanguards,DZ-SS16/Re31,"Sylvan Horned Beast, Marlgol",樹角獣マールゴール,"https://cardfight.fandom.com/wiki/Sylvan_Horned_Beast,_Marlgol",2,Stoicheia,,Re
VGE-DZ-SS16,The Legendary Vanguards,https://cardfight.fandom.com/wiki/DZ_Special_Series_16:_The_Legendary_Vanguards,DZ-SS16/Re32,"Spinning Carolla, Reminies",スピニングカローラ レミニエス,"https://cardfight.fandom.com/wiki/Spinning_Carolla,_Reminies",2,Stoicheia,,Re
VGE-DZ-SS16,The Legendary Vanguards,https://cardfight.fandom.com/wiki/DZ_Special_Series_16:_The_Legendary_Vanguards,DZ-SS16/Re33,Undulate Assault,アンジャレイト・アサルト,https://cardfight.fandom.com/wiki/Undulate_Assault,1,Stoicheia,,Re
VGE-DZ-SS16,The Legendary Vanguards,https://cardfight.fandom.com/wiki/DZ_Special_Series_16:_The_Legendary_Vanguards,DZ-SS16/Re34,Shawa-Shawa Caboure,シャワシャワ・カブーレ,https://cardfight.fandom.com/wiki/Shawa-Shawa_Caboure,1,Stoicheia,,Re
VGE-DZ-SS16,The Legendary Vanguards,https://cardfight.fandom.com/wiki/DZ_Special_Series_16:_The_Legendary_Vanguards,DZ-SS16/Re35,Megacolony Battler⁺ “Type.N”,メガコロニー戦闘員⁺“Type.N”,https://cardfight.fandom.com/wiki/Megacolony_Battler%E2%81%BA_%E2%80%9CType.N%E2%80%9D,1,Stoicheia,,Re
VGE-DZ-SS16,The Legendary Vanguards,https://cardfight.fandom.com/wiki/DZ_Special_Series_16:_The_Legendary_Vanguards,DZ-SS16/Re36,"Earnescorrect Follower, Orteemo",Earnescorrectフォロワー オルティーモ,"https://cardfight.fandom.com/wiki/Earnescorrect_Follower,_Orteemo",2,Lyrical Monasterio,,Re
VGE-DZ-SS16,The Legendary Vanguards,https://cardfight.fandom.com/wiki/DZ_Special_Series_16:_The_Legendary_Vanguards,DZ-SS16/Re37,"SecretGarden, Onoskelis",SecretGardenオノスケリス,"https://cardfight.fandom.com/wiki/SecretGarden,_Onoskelis",2,Lyrical Monasterio,,Re
VGE-DZ-SS16,The Legendary Vanguards,https://cardfight.fandom.com/wiki/DZ_Special_Series_16:_The_Legendary_Vanguards,DZ-SS16/Re38,"Rainy Day, Sierra",寄せ合う肩シェアラ,"https://cardfight.fandom.com/wiki/Rainy_Day,_Sierra",2,Lyrical Monasterio,,Re
VGE-DZ-SS16,The Legendary Vanguards,https://cardfight.fandom.com/wiki/DZ_Special_Series_16:_The_Legendary_Vanguards,DZ-SS16/Re39,"Fortune Garden, Feuille",幸運の咲くところフィーユ,"https://cardfight.fandom.com/wiki/Fortune_Garden,_Feuille",2,Lyrical Monasterio,,Re
VGE-DZ-SS16,The Legendary Vanguards,https://cardfight.fandom.com/wiki/DZ_Special_Series_16:_The_Legendary_Vanguards,DZ-SS16/Re40,"Nevermore, Linna",,"https://cardfight.fandom.com/wiki/Nevermore,_Linna",1,Lyrical Monasterio,,Re
VGE-DZ-SS16,The Legendary Vanguards,https://cardfight.fandom.com/wiki/DZ_Special_Series_16:_The_Legendary_Vanguards,DZ-SS16/Re41,High Five!,High Five!,https://cardfight.fandom.com/wiki/High_Five!,2,Lyrical Monasterio,Normal Order,Re
VGE-DZ-SS16,The Legendary Vanguards,https://cardfight.fandom.com/wiki/DZ_Special_Series_16:_The_Legendary_Vanguards,DZ-SS16/Re42,"Double Impact, Grandpa",笑撃の二段構えじーさん,"https://cardfight.fandom.com/wiki/Double_Impact,_Grandpa",3,CoroCoro,Persona Ride,Re
VGE-DZ-SS16,The Legendary Vanguards,https://cardfight.fandom.com/wiki/DZ_Special_Series_16:_The_Legendary_Vanguards,DZ-SS16/Re43,"""Midnight Time Leaper"" Rewinder, Chrono",“真夜中の時間跳躍者”巻戻士クロノ,"https://cardfight.fandom.com/wiki/%22Midnight_Time_Leaper%22_Rewinder,_Chrono",3,CoroCoro,Persona Ride,Re
VGE-DZ-SS16,The Legendary Vanguards,https://cardfight.fandom.com/wiki/DZ_Special_Series_16:_The_Legendary_Vanguards,DZ-SS16/Re44,"Apocalypse Reviver, Black",終焉世界の反逆者ブラック,"https://cardfight.fandom.com/wiki/Apocalypse_Reviver,_Black",3,CoroCoro,Persona Ride,Re
VGE-DZ-SS16,The Legendary Vanguards,https://cardfight.fandom.com/wiki/DZ_Special_Series_16:_The_Legendary_Vanguards,DZ-SS16/Re45,"Galaxy Walker, Dekka-kun",宇宙「大」の主人公デッカくん(上半身),"https://cardfight.fandom.com/wiki/Galaxy_Walker,_Dekka-kun_(Upper_Body)",3,CoroCoro,Persona Ride,Re
VGE-DZ-SS16,The Legendary Vanguards,https://cardfight.fandom.com/wiki/DZ_Special_Series_16:_The_Legendary_Vanguards,DZ-SS16/Re46,"Ultimate Baby, Bebebebe",地上最強の世紀末乳児ベベベベ,"https://cardfight.fandom.com/wiki/Ultimate_Baby,_Bebebebe",3,CoroCoro,Persona Ride,Re
VGE-DZ-SS16,The Legendary Vanguards,https://cardfight.fandom.com/wiki/DZ_Special_Series_16:_The_Legendary_Vanguards,DZ-SS16/LGTR01,"The Legendary Vanguard, Aichi Sendou",伝説の先導者先導アイチ,"https://cardfight.fandom.com/wiki/The_Legendary_Vanguard,_Aichi_Sendou",0,,Critical,LGTR
VGE-DZ-SS16,The Legendary Vanguards,https://cardfight.fandom.com/wiki/DZ_Special_Series_16:_The_Legendary_Vanguards,DZ-SS16/LGTR02,"The Legendary Vanguard, Toshiki Kai",伝説の先導者櫂トシキ,"https://cardfight.fandom.com/wiki/The_Legendary_Vanguard,_Toshiki_Kai",0,,Critical,LGTR
VGE-DZ-SS16,The Legendary Vanguards,https://cardfight.fandom.com/wiki/DZ_Special_Series_16:_The_Legendary_Vanguards,DZ-SS16/LGTR03,"The Legendary Vanguard, Chrono Shindou",伝説の先導者新導クロノ,"https://cardfight.fandom.com/wiki/The_Legendary_Vanguard,_Chrono_Shindou",0,,Critical,LGTR
VGE-DZ-SS16,The Legendary Vanguards,https://cardfight.fandom.com/wiki/DZ_Special_Series_16:_The_Legendary_Vanguards,DZ-SS16/LGTR04,"The Legendary Vanguard, Shinemon Nitta",伝説の先導者新田新右衛門,"https://cardfight.fandom.com/wiki/The_Legendary_Vanguard,_Shinemon_Nitta",0,,Critical,LGTR
VGE-DZ-SS16,The Legendary Vanguards,https://cardfight.fandom.com/wiki/DZ_Special_Series_16:_The_Legendary_Vanguards,DZ-SS16/LGTR05,"The Legendary Vanguard, Yu-yu Kondo",伝説の先導者近導ユウユ,"https://cardfight.fandom.com/wiki/The_Legendary_Vanguard,_Yu-yu_Kondo",0,,Critical,LGTR
VGE-DZ-SS16,The Legendary Vanguards,https://cardfight.fandom.com/wiki/DZ_Special_Series_16:_The_Legendary_Vanguards,DZ-SS16/PGS01,Blaster Blade,ブラスター・ブレード,https://cardfight.fandom.com/wiki/Blaster_Blade,2,Royal Paladin,,PGS
VGE-DZ-SS16,The Legendary Vanguards,https://cardfight.fandom.com/wiki/DZ_Special_Series_16:_The_Legendary_Vanguards,DZ-SS16/T01,Astral Plane,,https://cardfight.fandom.com/wiki/Astral_Plane,,,,T
VGE-DZ-SS16,The Legendary Vanguards,https://cardfight.fandom.com/wiki/DZ_Special_Series_16:_The_Legendary_Vanguards,DZ-SS16/T02,Persona Shield,ペルソナシールド,https://cardfight.fandom.com/wiki/Persona_Shield,,,,T
VGE-DZ-SS15,Break Away Start Deck - Dragonic Overlord,https://cardfight.fandom.com/wiki/DZ_Special_Series_15:_Break_Away_Start_Deck_-_Dragonic_Overlord,DZ-SS15/001,Dragonic Overlord,ドラゴニック・オーバーロード,https://cardfight.fandom.com/wiki/Dragonic_Overlord_(Fighter_Icon),3,Dragon Empire,Persona Ride,4
VGE-DZ-SS15,Break Away Start Deck - Dragonic Overlord,https://cardfight.fandom.com/wiki/DZ_Special_Series_15:_Break_Away_Start_Deck_-_Dragonic_Overlord,DZ-SS15/002,"Dragon Knight, Nehalem",ドラゴンナイト ネハーレン,"https://cardfight.fandom.com/wiki/Dragon_Knight,_Nehalem_(Fighter_Icon)",2,Dragon Empire,,4
VGE-DZ-SS15,Break Away Start Deck - Dragonic Overlord,https://cardfight.fandom.com/wiki/DZ_Special_Series_15:_Break_Away_Start_Deck_-_Dragonic_Overlord,DZ-SS15/003,"Embodiment of Armor, Bahr",鎧の化身バー,"https://cardfight.fandom.com/wiki/Embodiment_of_Armor,_Bahr_(Fighter_Icon)",1,Dragon Empire,,3
VGE-DZ-SS15,Break Away Start Deck - Dragonic Overlord,https://cardfight.fandom.com/wiki/DZ_Special_Series_15:_Break_Away_Start_Deck_-_Dragonic_Overlord,DZ-SS15/004,"Lizard Soldier, Conroe",リザードソルジャー コンロー,"https://cardfight.fandom.com/wiki/Lizard_Soldier,_Conroe_(D_Series)",0,Dragon Empire,,1
VGE-DZ-SS15,Break Away Start Deck - Dragonic Overlord,https://cardfight.fandom.com/wiki/DZ_Special_Series_15:_Break_Away_Start_Deck_-_Dragonic_Overlord,DZ-SS15/005,Energy Generator,エネルギージェネレーター,https://cardfight.fandom.com/wiki/Energy_Generator,,,Ride Deck Crest,1
VGE-DZ-SS15,Break Away Start Deck - Dragonic Overlord,https://cardfight.fandom.com/wiki/DZ_Special_Series_15:_Break_Away_Start_Deck_-_Dragonic_Overlord,DZ-SS15/006,Vortex Dragon,ボーテックス・ドラゴン,https://cardfight.fandom.com/wiki/Vortex_Dragon_(D_Series),3,Dragon Empire,,4
VGE-DZ-SS15,Break Away Start Deck - Dragonic Overlord,https://cardfight.fandom.com/wiki/DZ_Special_Series_15:_Break_Away_Start_Deck_-_Dragonic_Overlord,DZ-SS15/007,"Great Flame Axe of Ambitious Scales, Colgaflan",壮鱗の大炎斧カルガフラン,"https://cardfight.fandom.com/wiki/Great_Flame_Axe_of_Ambitious_Scales,_Colgaflan",2,Dragon Empire,,1
VGE-DZ-SS15,Break Away Start Deck - Dragonic Overlord,https://cardfight.fandom.com/wiki/DZ_Special_Series_15:_Break_Away_Start_Deck_-_Dragonic_Overlord,DZ-SS15/008,Berserk Dragon,バーサーク・ドラゴン,https://cardfight.fandom.com/wiki/Berserk_Dragon_(Fighter_Icon),2,Dragon Empire,,4
VGE-DZ-SS15,Break Away Start Deck - Dragonic Overlord,https://cardfight.fandom.com/wiki/DZ_Special_Series_15:_Break_Away_Start_Deck_-_Dragonic_Overlord,DZ-SS15/009,"Wyvern Strike, Tejas",ワイバーンストライク テージャス,"https://cardfight.fandom.com/wiki/Wyvern_Strike,_Tejas_(D_Series)",2,Dragon Empire,,4
VGE-DZ-SS15,Break Away Start Deck - Dragonic Overlord,https://cardfight.fandom.com/wiki/DZ_Special_Series_15:_Break_Away_Start_Deck_-_Dragonic_Overlord,DZ-SS15/010,"Dragon Monk, Gojo",ドラゴンモンク ゴジョー,"https://cardfight.fandom.com/wiki/Dragon_Monk,_Gojo_(Fighter_Icon)",1,Dragon Empire,,4
VGE-DZ-SS15,Break Away Start Deck - Dragonic Overlord,https://cardfight.fandom.com/wiki/DZ_Special_Series_15:_Break_Away_Start_Deck_-_Dragonic_Overlord,DZ-SS15/011,"Wyvern Strike, Jarran",ワイバーンストライク ジャラン,"https://cardfight.fandom.com/wiki/Wyvern_Strike,_Jarran_(D_Series)",1,Dragon Empire,,4
VGE-DZ-SS15,Break Away Start Deck - Dragonic Overlord,https://cardfight.fandom.com/wiki/DZ_Special_Series_15:_Break_Away_Start_Deck_-_Dragonic_Overlord,DZ-SS15/012,"Wyvern Guard, Barri",ワイバーンガード バリィ,"https://cardfight.fandom.com/wiki/Wyvern_Guard,_Barri_(D_Series)",1,Dragon Empire,Sentinel,4
VGE-DZ-SS15,Break Away Start Deck - Dragonic Overlord,https://cardfight.fandom.com/wiki/DZ_Special_Series_15:_Break_Away_Start_Deck_-_Dragonic_Overlord,DZ-SS15/013,"Dragon Deity King of Resurgence, Dragveda",再超の竜神王ドラグヴェーダ,"https://cardfight.fandom.com/wiki/Dragon_Deity_King_of_Resurgence,_Dragveda",0,Dragon Empire,Over,1
VGE-DZ-SS15,Break Away Start Deck - Dragonic Overlord,https://cardfight.fandom.com/wiki/DZ_Special_Series_15:_Break_Away_Start_Deck_-_Dragonic_Overlord,DZ-SS15/014,"Demonic Dragon Mage, Rakshasa",魔竜導師ラクシャ,"https://cardfight.fandom.com/wiki/Demonic_Dragon_Mage,_Rakshasa_(D_Series)",0,Dragon Empire,Critical,4
VGE-DZ-SS15,Break Away Start Deck - Dragonic Overlord,https://cardfight.fandom.com/wiki/DZ_Special_Series_15:_Break_Away_Start_Deck_-_Dragonic_Overlord,DZ-SS15/015,"Embodiment of Spear, Tahr",槍の化身ター,"https://cardfight.fandom.com/wiki/Embodiment_of_Spear,_Tahr_(D_Series)",0,Dragon Empire,Critical,4
VGE-DZ-SS15,Break Away Start Deck - Dragonic Overlord,https://cardfight.fandom.com/wiki/DZ_Special_Series_15:_Break_Away_Start_Deck_-_Dragonic_Overlord,DZ-SS15/016,"Dragon Dancer, Monica",ドラゴンダンサー モニカ,"https://cardfight.fandom.com/wiki/Dragon_Dancer,_Monica_(D_Series)",0,Dragon Empire,Draw,3
VGE-DZ-SS15,Break Away Start Deck - Dragonic Overlord,https://cardfight.fandom.com/wiki/DZ_Special_Series_15:_Break_Away_Start_Deck_-_Dragonic_Overlord,DZ-SS15/017,"Dragon Monk, Genjo",ドラゴンモンク ゲンジョウ,"https://cardfight.fandom.com/wiki/Dragon_Monk,_Genjo_(D_Series)",0,Dragon Empire,Heal,4
VGE-DZ-SS15,Break Away Start Deck - Dragonic Overlord,https://cardfight.fandom.com/wiki/DZ_Special_Series_15:_Break_Away_Start_Deck_-_Dragonic_Overlord,DZ-SS15/018,Forbidoll Surrogate,魂魄封ぜし禁忌の形代,https://cardfight.fandom.com/wiki/Forbidoll_Surrogate,3,,Normal Order,1
VGE-DZ-SS14,Break Away Start Deck - Blaster Blade,https://cardfight.fandom.com/wiki/DZ_Special_Series_14:_Break_Away_Start_Deck_-_Blaster_Blade,DZ-SS14/001,"King of Knights, Alfred",騎士王アルフレッド,"https://cardfight.fandom.com/wiki/King_of_Knights,_Alfred_(Fighter_Icon)",3,Keter Sanctuary,Persona Ride,4
VGE-DZ-SS14,Break Away Start Deck - Blaster Blade,https://cardfight.fandom.com/wiki/DZ_Special_Series_14:_Break_Away_Start_Deck_-_Blaster_Blade,DZ-SS14/002,Blaster Blade,ブラスター・ブレード,https://cardfight.fandom.com/wiki/Blaster_Blade_(Fighter_Icon),2,Keter Sanctuary,,4
VGE-DZ-SS14,Break Away Start Deck - Blaster Blade,https://cardfight.fandom.com/wiki/DZ_Special_Series_14:_Break_Away_Start_Deck_-_Blaster_Blade,DZ-SS14/003,Wingal,ういんがる,https://cardfight.fandom.com/wiki/Wingal_(D_Series),1,Keter Sanctuary,,3
VGE-DZ-SS14,Break Away Start Deck - Blaster Blade,https://cardfight.fandom.com/wiki/DZ_Special_Series_14:_Break_Away_Start_Deck_-_Blaster_Blade,DZ-SS14/004,Barcgal,ばーくがる,https://cardfight.fandom.com/wiki/Barcgal_(D_Series),0,Keter Sanctuary,,1
VGE-DZ-SS14,Break Away Start Deck - Blaster Blade,https://cardfight.fandom.com/wiki/DZ_Special_Series_14:_Break_Away_Start_Deck_-_Blaster_Blade,DZ-SS14/005,Energy Generator,エネルギージェネレーター,https://cardfight.fandom.com/wiki/Energy_Generator,,,Ride Deck Crest,1
VGE-DZ-SS14,Break Away Start Deck - Blaster Blade,https://cardfight.fandom.com/wiki/DZ_Special_Series_14:_Break_Away_Start_Deck_-_Blaster_Blade,DZ-SS14/006,Soul Saver Dragon,ソウルセイバー・ドラゴン,https://cardfight.fandom.com/wiki/Soul_Saver_Dragon_(D_Series),3,Keter Sanctuary,,4
VGE-DZ-SS14,Break Away Start Deck - Blaster Blade,https://cardfight.fandom.com/wiki/DZ_Special_Series_14:_Break_Away_Start_Deck_-_Blaster_Blade,DZ-SS14/007,"Knight of Truth, Gordon",真理の騎士ゴードン,"https://cardfight.fandom.com/wiki/Knight_of_Truth,_Gordon_(D_Series)",2,Keter Sanctuary,,4
VGE-DZ-SS14,Break Away Start Deck - Blaster Blade,https://cardfight.fandom.com/wiki/DZ_Special_Series_14:_Break_Away_Start_Deck_-_Blaster_Blade,DZ-SS14/008,"Knight of Silence, Gallatin",沈黙の騎士ギャラティン,"https://cardfight.fandom.com/wiki/Knight_of_Silence,_Gallatin_(D_Series)",2,Keter Sanctuary,,4
VGE-DZ-SS14,Break Away Start Deck - Blaster Blade,https://cardfight.fandom.com/wiki/DZ_Special_Series_14:_Break_Away_Start_Deck_-_Blaster_Blade,DZ-SS14/009,Cerrgaon,せるがおん,https://cardfight.fandom.com/wiki/Cerrgaon,1,Keter Sanctuary,,1
VGE-DZ-SS14,Break Away Start Deck - Blaster Blade,https://cardfight.fandom.com/wiki/DZ_Special_Series_14:_Break_Away_Start_Deck_-_Blaster_Blade,DZ-SS14/010,"Little Sage, Marron",小さな賢者マロン,"https://cardfight.fandom.com/wiki/Little_Sage,_Marron_(Fighter_Icon)",1,Keter Sanctuary,,4
VGE-DZ-SS14,Break Away Start Deck - Blaster Blade,https://cardfight.fandom.com/wiki/DZ_Special_Series_14:_Break_Away_Start_Deck_-_Blaster_Blade,DZ-SS14/011,"Lake Maiden, Lien",湖の巫女リアン,"https://cardfight.fandom.com/wiki/Lake_Maiden,_Lien_(D_Series)",1,Keter Sanctuary,,4
VGE-DZ-SS14,Break Away Start Deck - Blaster Blade,https://cardfight.fandom.com/wiki/DZ_Special_Series_14:_Break_Away_Start_Deck_-_Blaster_Blade,DZ-SS14/012,"Flash Shield, Iseult",閃光の盾イゾルデ,"https://cardfight.fandom.com/wiki/Flash_Shield,_Iseult_(D_Series)",1,Keter Sanctuary,Sentinel,4
VGE-DZ-SS14,Break Away Start Deck - Blaster Blade,https://cardfight.fandom.com/wiki/DZ_Special_Series_14:_Break_Away_Start_Deck_-_Blaster_Blade,DZ-SS14/013,"Light Dragon Deity of Honors, Amartinoa",栄典の光竜神アマルティノア,"https://cardfight.fandom.com/wiki/Light_Dragon_Deity_of_Honors,_Amartinoa",0,Keter Sanctuary,Over,1
VGE-DZ-SS14,Break Away Start Deck - Blaster Blade,https://cardfight.fandom.com/wiki/DZ_Special_Series_14:_Break_Away_Start_Deck_-_Blaster_Blade,DZ-SS14/014,"Bringer of Good Luck, Epona",幸運の運び手エポナ,"https://cardfight.fandom.com/wiki/Bringer_of_Good_Luck,_Epona_(D_Series)",0,Keter Sanctuary,Critical,4
VGE-DZ-SS14,Break Away Start Deck - Blaster Blade,https://cardfight.fandom.com/wiki/DZ_Special_Series_14:_Break_Away_Start_Deck_-_Blaster_Blade,DZ-SS14/015,Flogal,ふろうがる,https://cardfight.fandom.com/wiki/Flogal_(D_Series),0,Keter Sanctuary,Critical,4
VGE-DZ-SS14,Break Away Start Deck - Blaster Blade,https://cardfight.fandom.com/wiki/DZ_Special_Series_14:_Break_Away_Start_Deck_-_Blaster_Blade,DZ-SS14/016,Margal,まぁるがる,https://cardfight.fandom.com/wiki/Margal_(D_Series),0,Keter Sanctuary,Draw,3
VGE-DZ-SS14,Break Away Start Deck - Blaster Blade,https://cardfight.fandom.com/wiki/DZ_Special_Series_14:_Break_Away_Start_Deck_-_Blaster_Blade,DZ-SS14/017,"Yggdrasil Maiden, Elaine",世界樹の巫女エレイン,"https://cardfight.fandom.com/wiki/Yggdrasil_Maiden,_Elaine_(D_Series)",0,Keter Sanctuary,Heal,4
VGE-DZ-SS14,Break Away Start Deck - Blaster Blade,https://cardfight.fandom.com/wiki/DZ_Special_Series_14:_Break_Away_Start_Deck_-_Blaster_Blade,DZ-SS14/018,Protection: Twincast,双つに連なる守護の法陣,https://cardfight.fandom.com/wiki/Protection:_Twincast,2,,Blitz Order,1
